tag,dataset,seed,recov_GE_lt_0_5,recov_GE_lt_1,ge_min,epochs_run,best_epoch,params,mid_params,wallclock_s
cnnbest_f_s0,fixed,0,2039,1591,0.02,75,,66652544,,2985.8
cnnbest_v_s0,variable,0,,,2.74,75,,112789888,,8992.0
mlp_f_s0,fixed,0,1360,1082,0.0,100,,392656,,163.7
mlp_v_s0,variable,0,,,83.54,100,,532656,,327.3
rijsdijk_d100_s0,desync100,0,,,120.02,50,,79439,,689.0
rijsdijk_d50_s0,desync50,0,,,121.36,50,,79439,,580.2
rijsdijk_f_s0,fixed,0,191,133,0.0,50,,79439,,615.5
rijsdijk_v_s0,variable,0,,,29.16,50,,70492,,1416.8
s1_f_pure_s0,fixed,0,,,110.48,50,10,144,,2545.3
s1_f_pure_s1,fixed,1,,,111.27,70,30,144,,3575.7
s1_v_pure_s0,variable,0,,,114.61,200,185,144,,10447.1
s1_v_pure_s1,variable,1,,,102.74,55,15,144,,2957.2
s2_d100_hybrid_s0,desync100,0,,,111.34,95,55,34214,,1876.4
s2_d50_hybrid_s0,desync50,0,,,108.22,50,10,34214,,1043.5
s2_f_hybrid_s0,fixed,0,,,82.44,65,25,34214,,1318.5
s2_f_hybrid_s1,fixed,1,,,101.08,70,30,34214,,1370.0
s2_v_hybrid_s0,variable,0,,,83.45,85,45,34214,,1813.9
s2_v_hybrid_s1,variable,1,,,100.44,175,135,34214,,3558.9
s3_d100_clswide_qcnn_s0,desync100,0,,,121.46,75,35,42872,144,429.9
s3_d100_clswide_qcnn_s1,desync100,1,,,121.86,50,10,42872,144,286.7
s3_d100_clswide_qcnn_s2,desync100,2,,,125.85,55,15,42872,144,316.5
s3_d100_quantum_qcnn_s0,desync100,0,,,118.95,45,5,42750,22,1347.5
s3_d100_quantum_qcnn_s1,desync100,1,,,91.46,70,30,42750,22,2095.8
s3_d100_quantum_qcnn_s2,desync100,2,,,103.64,90,50,42750,22,2692.7
s3_d50_clswide_qcnn_s0,desync50,0,,,112.49,45,5,42872,144,354.5
s3_d50_clswide_qcnn_s1,desync50,1,,,123.73,45,5,42872,144,260.6
s3_d50_clswide_qcnn_s2,desync50,2,,,121.35,45,5,42872,144,259.7
s3_d50_quantum_qcnn_s0,desync50,0,,,118.88,75,35,42750,22,2578.6
s3_d50_quantum_qcnn_s1,desync50,1,,,114.92,45,5,42750,22,1510.3
s3_d50_quantum_qcnn_s2,desync50,2,,,88.56,90,50,42750,22,2717.2
s3_f_clsnarrow_qcnn_s0,fixed,0,,,120.52,45,5,42744,16,241.1
s3_f_clsnarrow_qcnn_s1,fixed,1,,,123.24,45,5,42744,16,272.9
s3_f_clsnarrow_qcnn_s2,fixed,2,,,126.08,115,75,42744,16,678.6
s3_f_clsnarrow_qcnn_s3,fixed,3,,,121.9,105,65,42744,16,574.0
s3_f_clsnarrow_qcnn_s4,fixed,4,,,123.35,90,50,42744,16,493.9
s3_f_clsnarrow_qcnn_s5,fixed,5,,,122.22,60,20,42744,16,330.1
s3_f_clsnarrow_qcnn_s6,fixed,6,,,125.21,70,30,42744,16,383.2
s3_f_clsnarrow_qcnn_s7,fixed,7,,,123.5,85,45,42744,16,492.7
s3_f_clsnarrow_qcnn_s8,fixed,8,,,126.43,125,85,42744,16,682.3
s3_f_clsnarrow_qcnn_s9,fixed,9,,,122.21,65,25,42744,16,346.1
s3_f_clsnarrow_sel_s0,fixed,0,2569,2008,0.04,85,45,43912,144,475.4
s3_f_clswide_qcnn_s0,fixed,0,541,491,0.0,85,45,42872,144,456.7
s3_f_clswide_qcnn_s1,fixed,1,658,521,0.0,70,30,42872,144,444.2
s3_f_clswide_qcnn_s2,fixed,2,,,38.96,110,70,42872,144,655.3
s3_f_clswide_qcnn_s3,fixed,3,322,284,0.0,70,30,42872,144,382.0
s3_f_clswide_qcnn_s4,fixed,4,333,293,0.0,60,20,42872,144,327.2
s3_f_clswide_qcnn_s5,fixed,5,407,358,0.0,70,30,42872,144,392.2
s3_f_clswide_qcnn_s6,fixed,6,327,270,0.0,90,50,42872,144,488.6
s3_f_clswide_qcnn_s7,fixed,7,234,212,0.0,60,20,42872,144,330.9
s3_f_clswide_qcnn_s8,fixed,8,586,511,0.0,55,15,42872,144,303.5
s3_f_clswide_qcnn_s9,fixed,9,229,191,0.0,75,35,42872,144,395.7
s3_f_quantum_qcnn_q10c3_s0,fixed,0,,,122.47,45,5,41944,26,2352.6
s3_f_quantum_qcnn_q8c3_s0,fixed,0,,,110.08,55,15,41358,22,1673.2
s3_f_quantum_qcnn_s0,fixed,0,219,174,0.0,55,15,42750,22,1598.7
s3_f_quantum_qcnn_s0_w,fixed,0,332,263,0.0,55,15,42750,22,2431.3
s3_f_quantum_qcnn_s1,fixed,1,,,67.01,165,125,42750,22,4846.3
s3_f_quantum_qcnn_s2,fixed,2,720,588,0.0,65,25,42750,22,2106.6
s3_f_quantum_qcnn_s3,fixed,3,211,170,0.0,70,30,42750,22,2064.6
s3_f_quantum_qcnn_s4,fixed,4,,,2.34,80,40,42750,22,2348.8
s3_f_quantum_qcnn_s5,fixed,5,,,73.6,45,5,42750,22,1323.3
s3_f_quantum_qcnn_s6,fixed,6,1816,1356,0.02,65,25,42750,22,1906.8
s3_f_quantum_qcnn_s7,fixed,7,665,551,0.0,55,15,42750,22,1618.1
s3_f_quantum_qcnn_s8,fixed,8,351,285,0.0,55,15,42750,22,1626.7
s3_f_quantum_qcnn_s9,fixed,9,2956,2415,0.41,95,55,42750,22,2760.6
s3_f_quantum_sel_s0,fixed,0,,,121.46,75,35,43912,144,5899.0
s3_f_quantum_sel_s1,fixed,1,,,113.7,60,20,43912,144,4655.0
s3_f_quantum_sel_s2,fixed,2,,,126.08,115,75,43912,144,8946.7
s3_v_clsnarrow_sel_s0,variable,0,,,119.87,45,5,49544,144,436.4
s3_v_clswide_qcnn_s0,variable,0,,,113.82,60,20,48504,144,649.1
s3_v_clswide_qcnn_s1,variable,1,,,112.24,110,70,48504,144,1412.7
s3_v_clswide_qcnn_s2,variable,2,,,121.55,45,5,48504,144,451.4
s3_v_quantum_qcnn_q10c3_s0,variable,0,,,1.22,80,40,43704,26,4519.0
s3_v_quantum_qcnn_q8c3_s0,variable,0,1411,1142,0.01,70,30,42766,22,2408.2
s3_v_quantum_qcnn_q8c3_s1,variable,1,,,110.57,45,5,42766,22,4917.7
s3_v_quantum_qcnn_q8c3_s2,variable,2,,,128.94,45,5,42766,22,1625.7
s3_v_quantum_qcnn_s0,variable,0,,,9.7,65,25,48382,22,2211.1
s3_v_quantum_qcnn_s1,variable,1,,,17.44,60,20,48382,22,2109.3
s3_v_quantum_qcnn_s2,variable,2,,,26.56,60,20,48382,22,2557.6
s3_v_quantum_sel_s0,variable,0,,,1.09,65,25,49544,144,5202.2
s3_v_quantum_sel_s1,variable,1,,,108.49,45,5,49544,144,3581.2
s3_v_quantum_sel_s2,variable,2,,,118.77,45,5,49544,144,3566.8
